{"cameraMode":{"drawMode":0,"name":"Shaded","section":"Shading Mode"},"sceneLighting":true,"audioPlay":false,"sceneViewState":{"m_AlwaysRefresh":false,"showFog":true,"showSkybox":true,"showFlares":true,"showImageEffects":true,"showParticleSystems":true,"showVisualEffectGraphs":true,"m_FxEnabled":true},"in2DMode":false,"pivot":{"x":-2.590841054916382,"y":-4.485265731811523,"z":-2.715182065963745},"rotation":{"x":-0.5918223857879639,"y":-0.002169078914448619,"z":0.0015948052750900388,"w":-0.8060990571975708},"size":25.803560256958009,"orthographic":false}